SPF,valid,depth,inputs,outputs
S(),True,1,"[0, 1, 2, 3, 4, 5, 6, 7, 8, 9]","[1, 2, 3, 4, 5, 6, 7, 8, 9, 10]"
"P(1, 1)",True,1,"[0, 1, 2, 3, 4, 5, 6, 7, 8, 9]","[0, 1, 2, 3, 4, 5, 6, 7, 8, 9]"
Z(),True,1,"[0, 1, 2, 3, 4, 5, 6, 7, 8, 9]","[0, 0, 0, 0, 0, 0, 0, 0, 0, 0]"
"C(S(), Z())",True,2,"[0, 1, 2, 3, 4, 5, 6, 7, 8, 9]","[1, 1, 1, 1, 1, 1, 1, 1, 1, 1]"
"R(Z(), P(2, 1))",True,2,"[0, 1, 2, 3, 4, 5, 6, 7, 8, 9]","[0, 0, 1, 2, 3, 4, 5, 6, 7, 8]"
"C(S(), S())",True,2,"[0, 1, 2, 3, 4, 5, 6, 7, 8, 9]","[2, 3, 4, 5, 6, 7, 8, 9, 10, 11]"
"C(R(Z(), P(2, 1)), R(Z(), P(2, 1)))",True,3,"[0, 1, 2, 3, 4, 5, 6, 7, 8, 9]","[0, 0, 0, 1, 2, 3, 4, 5, 6, 7]"
"C(C(S(), S()), Z())",True,3,"[0, 1, 2, 3, 4, 5, 6, 7, 8, 9]","[2, 2, 2, 2, 2, 2, 2, 2, 2, 2]"
"C(C(S(), S()), R(Z(), P(2, 1)))",True,3,"[0, 1, 2, 3, 4, 5, 6, 7, 8, 9]","[2, 2, 3, 4, 5, 6, 7, 8, 9, 10]"
"C(C(S(), S()), C(S(), S()))",True,3,"[0, 1, 2, 3, 4, 5, 6, 7, 8, 9]","[4, 5, 6, 7, 8, 9, 10, 11, 12, 13]"
"C(C(S(), S()), S())",True,3,"[0, 1, 2, 3, 4, 5, 6, 7, 8, 9]","[3, 4, 5, 6, 7, 8, 9, 10, 11, 12]"
"R(C(S(), Z()), P(2, 1))",True,3,"[0, 1, 2, 3, 4, 5, 6, 7, 8, 9]","[1, 0, 1, 2, 3, 4, 5, 6, 7, 8]"
"C(C(S(), S()), C(S(), Z()))",True,3,"[0, 1, 2, 3, 4, 5, 6, 7, 8, 9]","[3, 3, 3, 3, 3, 3, 3, 3, 3, 3]"
"C(S(), R(Z(), P(2, 1)))",True,3,"[0, 1, 2, 3, 4, 5, 6, 7, 8, 9]","[1, 1, 2, 3, 4, 5, 6, 7, 8, 9]"
"R(C(C(S(), S()), Z()), C(C(S(), S()), P(2, 2)))",True,4,"[0, 1, 2, 3, 4, 5, 6, 7, 8, 9]","[2, 4, 6, 8, 10, 12, 14, 16, 18, 20]"
"R(C(C(S(), S()), C(S(), Z())), C(C(S(), S()), P(2, 2)))",True,4,"[0, 1, 2, 3, 4, 5, 6, 7, 8, 9]","[3, 5, 7, 9, 11, 13, 15, 17, 19, 21]"
"C(C(C(S(), S()), S()), C(C(S(), S()), S()))",True,4,"[0, 1, 2, 3, 4, 5, 6, 7, 8, 9]","[6, 7, 8, 9, 10, 11, 12, 13, 14, 15]"
"C(C(R(Z(), P(2, 1)), R(Z(), P(2, 1))), R(Z(), P(2, 1)))",True,4,"[0, 1, 2, 3, 4, 5, 6, 7, 8, 9]","[0, 0, 0, 0, 1, 2, 3, 4, 5, 6]"
"C(C(R(Z(), P(2, 1)), R(Z(), P(2, 1))), C(R(Z(), P(2, 1)), R(Z(), P(2, 1))))",True,4,"[0, 1, 2, 3, 4, 5, 6, 7, 8, 9]","[0, 0, 0, 0, 0, 1, 2, 3, 4, 5]"
"C(C(C(S(), S()), R(Z(), P(2, 1))), C(C(S(), S()), R(Z(), P(2, 1))))",True,4,"[0, 1, 2, 3, 4, 5, 6, 7, 8, 9]","[3, 3, 4, 5, 6, 7, 8, 9, 10, 11]"
"C(C(C(S(), S()), S()), C(C(S(), S()), R(Z(), P(2, 1))))",True,4,"[0, 1, 2, 3, 4, 5, 6, 7, 8, 9]","[5, 5, 6, 7, 8, 9, 10, 11, 12, 13]"
"R(C(C(S(), S()), Z()), C(C(S(), S()), C(S(), P(2, 2))))",True,4,"[0, 1, 2, 3, 4, 5, 6, 7, 8, 9]","[2, 5, 8, 11, 14, 17, 20, 23, 26, 29]"
"C(R(C(S(), Z()), P(2, 1)), R(C(S(), Z()), P(2, 1)))",True,4,"[0, 1, 2, 3, 4, 5, 6, 7, 8, 9]","[0, 1, 0, 1, 2, 3, 4, 5, 6, 7]"
"C(C(C(S(), S()), S()), C(C(S(), S()), C(S(), S())))",True,4,"[0, 1, 2, 3, 4, 5, 6, 7, 8, 9]","[7, 8, 9, 10, 11, 12, 13, 14, 15, 16]"
"R(C(C(S(), S()), Z()), C(R(Z(), P(2, 1)), P(2, 2)))",True,4,"[0, 1, 2, 3, 4, 5, 6, 7, 8, 9]","[2, 1, 0, 0, 0, 0, 0, 0, 0, 0]"
"C(C(C(S(), S()), R(Z(), P(2, 1))), C(C(S(), S()), C(S(), S())))",True,4,"[0, 1, 2, 3, 4, 5, 6, 7, 8, 9]","[5, 6, 7, 8, 9, 10, 11, 12, 13, 14]"
"C(C(C(S(), S()), C(S(), S())), C(C(S(), S()), R(Z(), P(2, 1))))",True,4,"[0, 1, 2, 3, 4, 5, 6, 7, 8, 9]","[6, 6, 7, 8, 9, 10, 11, 12, 13, 14]"
"R(C(C(S(), S()), C(S(), Z())), C(C(S(), S()), C(S(), P(2, 2))))",True,4,"[0, 1, 2, 3, 4, 5, 6, 7, 8, 9]","[3, 6, 9, 12, 15, 18, 21, 24, 27, 30]"
"R(C(C(S(), S()), C(S(), Z())), C(R(Z(), P(2, 1)), P(2, 2)))",True,4,"[0, 1, 2, 3, 4, 5, 6, 7, 8, 9]","[3, 2, 1, 0, 0, 0, 0, 0, 0, 0]"
"C(R(C(S(), Z()), P(2, 1)), C(R(Z(), P(2, 1)), R(Z(), P(2, 1))))",True,4,"[0, 1, 2, 3, 4, 5, 6, 7, 8, 9]","[1, 1, 1, 0, 1, 2, 3, 4, 5, 6]"
"C(C(S(), S()), R(C(S(), Z()), P(2, 1)))",True,4,"[0, 1, 2, 3, 4, 5, 6, 7, 8, 9]","[3, 2, 3, 4, 5, 6, 7, 8, 9, 10]"
"R(C(C(S(), S()), Z()), C(R(Z(), P(2, 1)), P(2, 1)))",True,4,"[0, 1, 2, 3, 4, 5, 6, 7, 8, 9]","[2, 0, 0, 1, 2, 3, 4, 5, 6, 7]"
"R(C(C(S(), S()), Z()), P(2, 1))",True,4,"[0, 1, 2, 3, 4, 5, 6, 7, 8, 9]","[2, 0, 1, 2, 3, 4, 5, 6, 7, 8]"
"C(C(C(S(), S()), S()), R(C(S(), Z()), P(2, 1)))",True,4,"[0, 1, 2, 3, 4, 5, 6, 7, 8, 9]","[4, 3, 4, 5, 6, 7, 8, 9, 10, 11]"
"C(C(C(S(), S()), C(S(), S())), C(C(S(), S()), C(S(), S())))",True,4,"[0, 1, 2, 3, 4, 5, 6, 7, 8, 9]","[8, 9, 10, 11, 12, 13, 14, 15, 16, 17]"
"C(C(C(S(), S()), S()), C(C(S(), S()), Z()))",True,4,"[0, 1, 2, 3, 4, 5, 6, 7, 8, 9]","[5, 5, 5, 5, 5, 5, 5, 5, 5, 5]"
"C(R(C(S(), Z()), P(2, 1)), R(Z(), P(2, 1)))",True,4,"[0, 1, 2, 3, 4, 5, 6, 7, 8, 9]","[1, 1, 0, 1, 2, 3, 4, 5, 6, 7]"
"R(C(C(S(), S()), C(S(), Z())), C(R(Z(), P(2, 1)), P(2, 1)))",True,4,"[0, 1, 2, 3, 4, 5, 6, 7, 8, 9]","[3, 0, 0, 1, 2, 3, 4, 5, 6, 7]"
"R(C(C(S(), S()), C(S(), Z())), P(2, 1))",True,4,"[0, 1, 2, 3, 4, 5, 6, 7, 8, 9]","[3, 0, 1, 2, 3, 4, 5, 6, 7, 8]"
"C(C(C(S(), S()), C(S(), S())), R(C(S(), Z()), P(2, 1)))",True,4,"[0, 1, 2, 3, 4, 5, 6, 7, 8, 9]","[5, 4, 5, 6, 7, 8, 9, 10, 11, 12]"
"C(C(C(S(), S()), R(Z(), P(2, 1))), C(R(Z(), P(2, 1)), R(Z(), P(2, 1))))",True,4,"[0, 1, 2, 3, 4, 5, 6, 7, 8, 9]","[2, 2, 2, 2, 3, 4, 5, 6, 7, 8]"
"C(C(C(S(), S()), S()), C(R(Z(), P(2, 1)), R(Z(), P(2, 1))))",True,4,"[0, 1, 2, 3, 4, 5, 6, 7, 8, 9]","[3, 3, 3, 4, 5, 6, 7, 8, 9, 10]"
"C(C(C(S(), S()), R(Z(), P(2, 1))), R(Z(), P(2, 1)))",True,4,"[0, 1, 2, 3, 4, 5, 6, 7, 8, 9]","[2, 2, 2, 3, 4, 5, 6, 7, 8, 9]"
"C(C(C(S(), S()), S()), C(S(), R(Z(), P(2, 1))))",True,4,"[0, 1, 2, 3, 4, 5, 6, 7, 8, 9]","[4, 4, 5, 6, 7, 8, 9, 10, 11, 12]"
"R(C(C(S(), S()), C(S(), Z())), C(S(), P(2, 1)))",True,4,"[0, 1, 2, 3, 4, 5, 6, 7, 8, 9]","[3, 1, 2, 3, 4, 5, 6, 7, 8, 9]"
"C(C(S(), R(Z(), P(2, 1))), C(R(Z(), P(2, 1)), R(Z(), P(2, 1))))",True,4,"[0, 1, 2, 3, 4, 5, 6, 7, 8, 9]","[1, 1, 1, 1, 2, 3, 4, 5, 6, 7]"
"C(C(S(), R(Z(), P(2, 1))), R(Z(), P(2, 1)))",True,4,"[0, 1, 2, 3, 4, 5, 6, 7, 8, 9]","[1, 1, 1, 2, 3, 4, 5, 6, 7, 8]"
"C(C(C(S(), S()), S()), C(C(S(), S()), C(S(), Z())))",True,4,"[0, 1, 2, 3, 4, 5, 6, 7, 8, 9]","[6, 6, 6, 6, 6, 6, 6, 6, 6, 6]"
"C(C(C(S(), S()), C(S(), S())), C(R(Z(), P(2, 1)), R(Z(), P(2, 1))))",True,4,"[0, 1, 2, 3, 4, 5, 6, 7, 8, 9]","[4, 4, 4, 5, 6, 7, 8, 9, 10, 11]"
"C(C(C(S(), S()), R(Z(), P(2, 1))), C(C(S(), S()), C(S(), Z())))",True,4,"[0, 1, 2, 3, 4, 5, 6, 7, 8, 9]","[4, 4, 4, 4, 4, 4, 4, 4, 4, 4]"
"C(S(), R(C(S(), Z()), P(2, 1)))",True,4,"[0, 1, 2, 3, 4, 5, 6, 7, 8, 9]","[2, 1, 2, 3, 4, 5, 6, 7, 8, 9]"
"C(C(C(S(), S()), C(S(), S())), C(C(S(), S()), C(S(), Z())))",True,4,"[0, 1, 2, 3, 4, 5, 6, 7, 8, 9]","[7, 7, 7, 7, 7, 7, 7, 7, 7, 7]"
